left_back_corner_x1,left_back_corner_y1,left_back_corner_z1,right_back_corner_x1,right_back_corner_y1,right_back_corner_z1,left_front_corner_x1,left_front_corner_y1,left_front_corner_z1,right_front_corner_x1,right_front_corner_y1,right_front_corner_z1,force_1,force_2,force_3,force_4,force_5,force_6,left_back_corner_x2,left_back_corner_y2,left_back_corner_z2,right_back_corner_x2,right_back_corner_y2,right_back_corner_z2,left_front_corner_x2,left_front_corner_y2,left_front_corner_z2,right_front_corner_x2,right_front_corner_y2,right_front_corner_z2,predicted force_1,predicted force_2,predicted force_3,predicted force_4,predicted force_5,predicted force_6
2704.466617,-725.5949579,1.99999,2704.908354,-723.6443506,1.999989999,2702.51601,-725.1532213,1.999989997,2702.957747,-723.202614,1.999989997,224,-216,232,224,-216,232,2705.758075,-725.8907013,1.999990414,2706.200645,-723.9402828,1.999991782,2703.807657,-725.4481318,1.999979602,2704.250226,-723.4977133,1.99998097,224.9556885,-225.5671387,229.6894836,224.9530945,-225.5858612,229.7055359
2705.758086,-725.8907017,1.99999,2706.200656,-723.9402835,1.999989999,2703.807668,-725.448131,1.999989997,2704.250238,-723.4977128,1.999989997,200,-232,216,200,-232,216,2706.848351,-726.1408852,1.999990413,2707.29295,-724.1909283,1.999991783,2704.898394,-725.6962862,1.999979546,2705.342993,-723.7463294,1.999980915,221.5948639,-221.1527557,223.2589874,221.5518341,-221.1613617,223.2576294
